id|name|formula|category
0|Hydrogen|H2|Inorganic
1|Oxygen|O2|Inorganic
2|Water|H2O|Inorganic
3|Hydrogen Peroxide|H2O2|Inorganic
4|Methane|CH4|Organic
5|Carbon Monoxide|CO|Inorganic
6|Carbon Dioxide|CO2|Inorganic
7|Carbonic Acid|H2CO3|Acid
8|Bicarbonate|HCO3-|Ion
9|Carbonate|CO3^2-|Ion
10|Methanol|CH3OH|Organic
11|Formaldehyde|CH2O|Organic
12|Methanoic Acid|HCOOH|Acid
13|Ethanol|C2H5OH|Organic
14|Acetaldehyde|CH3CHO|Organic
15|Acetic Acid|CH3COOH|Acid
16|Ethene|C2H4|Organic
17|Ethane|C2H6|Organic
18|Glucose|C6H12O6|Biochemical
19|Pyruvate|C3H4O3|Biochemical
20|Lactic Acid|C3H6O3|Biochemical
21|Ammonia|NH3|Base
22|Ammonium|NH4+|Ion
23|Nitrogen|N2|Inorganic
24|Nitric Oxide|NO|Inorganic
25|Nitrogen Dioxide|NO2|Inorganic
26|Nitrous Acid|HNO2|Acid
27|Nitric Acid|HNO3|Acid
28|Sulfur Dioxide|SO2|Inorganic
29|Sulfur Trioxide|SO3|Inorganic
30|Sulfuric Acid|H2SO4|Acid
31|Hydrogen Sulfide|H2S|Inorganic
32|Sulfite|SO3^2-|Ion
33|Sulfate|SO4^2-|Ion
34|Propane|C3H8|Organic
35|Butane|C4H10|Organic
36|Pentane|C5H12|Organic
37|Hexane|C6H14|Organic
38|Heptane|C7H16|Organic
39|Octane|C8H18|Organic
40|Nonane|C9H20|Organic
41|Decane|C10H22|Organic
42|Undecane|C11H24|Organic
43|Dodecane|C12H26|Organic
44|Tridecane|C13H28|Organic
45|Tetradecane|C14H30|Organic
46|Pentadecane|C15H32|Organic
47|Hexadecane|C16H34|Organic
48|Heptadecane|C17H36|Organic
49|Octadecane|C18H38|Organic
50|Nonadecane|C19H40|Organic
51|Eicosane|C20H42|Organic
52|Propene|C3H6|Organic
53|But-1-ene|C4H8|Organic
54|Pent-1-ene|C5H10|Organic
55|Hex-1-ene|C6H12|Organic
56|Hept-1-ene|C7H14|Organic
57|Oct-1-ene|C8H16|Organic
58|Non-1-ene|C9H18|Organic
59|Dec-1-ene|C10H20|Organic
60|Undec-1-ene|C11H22|Organic
61|Dodec-1-ene|C12H24|Organic
62|Tridec-1-ene|C13H26|Organic
63|Tetradec-1-ene|C14H28|Organic
64|Pentadec-1-ene|C15H30|Organic
65|Hexadec-1-ene|C16H32|Organic
66|Heptadec-1-ene|C17H34|Organic
67|Octadec-1-ene|C18H36|Organic
68|Nonadec-1-ene|C19H38|Organic
69|Eicos-1-ene|C20H40|Organic
70|Ethyne|C2H2|Organic
71|Propyne|C3H4|Organic
72|But-1-yne|C4H6|Organic
73|Pent-1-yne|C5H8|Organic
74|Hex-1-yne|C6H10|Organic
75|Hept-1-yne|C7H12|Organic
76|Oct-1-yne|C8H14|Organic
77|Non-1-yne|C9H16|Organic
78|Dec-1-yne|C10H18|Organic
79|Undec-1-yne|C11H20|Organic
80|Dodec-1-yne|C12H22|Organic
81|Tridec-1-yne|C13H24|Organic
82|Tetradec-1-yne|C14H26|Organic
83|Pentadec-1-yne|C15H28|Organic
84|Hexadec-1-yne|C16H30|Organic
85|Heptadec-1-yne|C17H32|Organic
86|Octadec-1-yne|C18H34|Organic
87|Nonadec-1-yne|C19H36|Organic
88|Eicos-1-yne|C20H38|Organic
89|Propan-1-ol|C3H8O|Organic
90|Butan-1-ol|C4H10O|Organic
91|Pentan-1-ol|C5H12O|Organic
92|Hexan-1-ol|C6H14O|Organic
93|Heptan-1-ol|C7H16O|Organic
94|Octan-1-ol|C8H18O|Organic
95|Nonan-1-ol|C9H20O|Organic
96|Decan-1-ol|C10H22O|Organic
97|Undecan-1-ol|C11H24O|Organic
98|Dodecan-1-ol|C12H26O|Organic
99|Tridecan-1-ol|C13H28O|Organic
100|Tetradecan-1-ol|C14H30O|Organic
101|Pentadecan-1-ol|C15H32O|Organic
102|Hexadecan-1-ol|C16H34O|Organic
103|Heptadecan-1-ol|C17H36O|Organic
104|Octadecan-1-ol|C18H38O|Organic
105|Nonadecan-1-ol|C19H40O|Organic
106|Eicosan-1-ol|C20H42O|Organic
107|Propanal|C3H6O|Organic
108|Butanal|C4H8O|Organic
109|Pentanal|C5H10O|Organic
110|Hexanal|C6H12O|Organic
111|Heptanal|C7H14O|Organic
112|Octanal|C8H16O|Organic
113|Nonanal|C9H18O|Organic
114|Decanal|C10H20O|Organic
115|Undecanal|C11H22O|Organic
116|Dodecanal|C12H24O|Organic
117|Tridecanal|C13H26O|Organic
118|Tetradecanal|C14H28O|Organic
119|Pentadecanal|C15H30O|Organic
120|Propanoic Acid|C3H6O2|Acid
121|Butanoic Acid|C4H8O2|Acid
122|Pentanoic Acid|C5H10O2|Acid
123|Hexanoic Acid|C6H12O2|Acid
124|Heptanoic Acid|C7H14O2|Acid
125|Octanoic Acid|C8H16O2|Acid
126|Nonanoic Acid|C9H18O2|Acid
127|Decanoic Acid|C10H20O2|Acid
128|Undecanoic Acid|C11H22O2|Acid
129|Dodecanoic Acid|C12H24O2|Acid
130|Tridecanoic Acid|C13H26O2|Acid
131|Tetradecanoic Acid|C14H28O2|Acid
132|Pentadecanoic Acid|C15H30O2|Acid
133|Hexadecanoic Acid|C16H32O2|Acid
134|Heptadecanoic Acid|C17H34O2|Acid
135|Octadecanoic Acid|C18H36O2|Acid
136|Nonadecanoic Acid|C19H38O2|Acid
137|Eicosanoic Acid|C20H40O2|Acid
138|Methylamine|CH5N|Base
139|Ethylamine|C2H7N|Base
140|Propylamine|C3H9N|Base
141|Butylamine|C4H11N|Base
142|Pentylamine|C5H13N|Base
143|Hexylamine|C6H15N|Base
144|Heptylamine|C7H17N|Base
145|Octylamine|C8H19N|Base
146|Nonylamine|C9H21N|Base
147|Decylamine|C10H23N|Base
148|Undecylamine|C11H25N|Base
149|Dodecylamine|C12H27N|Base
150|Tridecylamine|C13H29N|Base
151|Tetradecylamine|C14H31N|Base
152|Pentadecylamine|C15H33N|Base
153|Hexadecylamine|C16H35N|Base
154|Heptadecylamine|C17H37N|Base
155|Octadecylamine|C18H39N|Base
156|Nonadecylamine|C19H41N|Base
157|Eicosylamine|C20H43N|Base
158|Chloromethane|CH3Cl|Organic
159|Chloroethane|C2H5Cl|Organic
160|1-Chloropropane|C3H7Cl|Organic
161|1-Chlorobutane|C4H9Cl|Organic
162|1-Chloropentane|C5H11Cl|Organic
163|1-Chlorohexane|C6H13Cl|Organic
164|1-Chloroheptane|C7H15Cl|Organic
165|1-Chlorooctane|C8H17Cl|Organic
166|1-Chlorononane|C9H19Cl|Organic
167|1-Chlorodecane|C10H21Cl|Organic
168|1-Chloroundecane|C11H23Cl|Organic
169|1-Chlorododecane|C12H25Cl|Organic
170|1-Chlorotridecane|C13H27Cl|Organic
171|1-Chlorotetradecane|C14H29Cl|Organic
172|1-Chloropentadecane|C15H31Cl|Organic
173|1-Chlorohexadecane|C16H33Cl|Organic
174|1-Chloroheptadecane|C17H35Cl|Organic
175|1-Chlorooctadecane|C18H37Cl|Organic
176|1-Chlorononadecane|C19H39Cl|Organic
177|1-Chloroeicosane|C20H41Cl|Organic
178|Acetonitrile|C2H3N|Organic
179|Propanenitrile|C3H5N|Organic
180|Butanenitrile|C4H7N|Organic
181|Pentanenitrile|C5H9N|Organic
182|Hexanenitrile|C6H11N|Organic
183|Heptanenitrile|C7H13N|Organic
184|Octanenitrile|C8H15N|Organic
185|Nonanenitrile|C9H17N|Organic
186|Decanenitrile|C10H19N|Organic
187|Undecanenitrile|C11H21N|Organic
188|Dodecanenitrile|C12H23N|Organic
189|Tridecanenitrile|C13H25N|Organic
190|Tetradecanenitrile|C14H27N|Organic
191|Pentadecanenitrile|C15H29N|Organic
192|Hexadecanenitrile|C16H31N|Organic
193|Heptadecanenitrile|C17H33N|Organic
194|Octadecanenitrile|C18H35N|Organic
195|Nonadecanenitrile|C19H37N|Organic
196|Eicosanenitrile|C20H39N|Organic
197|Acetone|C3H6O|Organic
198|Butan-2-one|C4H8O|Organic
199|Pentan-2-one|C5H10O|Organic
200|Hexan-2-one|C6H12O|Organic
201|Heptan-2-one|C7H14O|Organic
202|Octan-2-one|C8H16O|Organic
203|Nonan-2-one|C9H18O|Organic
204|Decan-2-one|C10H20O|Organic
205|Undecan-2-one|C11H22O|Organic
206|Dodecan-2-one|C12H24O|Organic
207|Tridecan-2-one|C13H26O|Organic
208|Tetradecan-2-one|C14H28O|Organic
209|Pentadecan-2-one|C15H30O|Organic
210|Hexadecan-2-one|C16H32O|Organic
211|Heptadecan-2-one|C17H34O|Organic
212|Octadecan-2-one|C18H36O|Organic
213|Nonadecan-2-one|C19H38O|Organic
214|Eicosan-2-one|C20H40O|Organic
215|Propan-2-ol|C3H8O|Organic
216|Butan-2-ol|C4H10O|Organic
217|Pentan-2-ol|C5H12O|Organic
218|Hexan-2-ol|C6H14O|Organic
219|Heptan-2-ol|C7H16O|Organic
220|Octan-2-ol|C8H18O|Organic
221|Nonan-2-ol|C9H20O|Organic
222|Decan-2-ol|C10H22O|Organic
223|Undecan-2-ol|C11H24O|Organic
224|Dodecan-2-ol|C12H26O|Organic
225|Tridecan-2-ol|C13H28O|Organic
226|Tetradecan-2-ol|C14H30O|Organic
227|Pentadecan-2-ol|C15H32O|Organic
228|Hexadecan-2-ol|C16H34O|Organic
229|Heptadecan-2-ol|C17H36O|Organic
230|Octadecan-2-ol|C18H38O|Organic
231|Nonadecan-2-ol|C19H40O|Organic
232|Eicosan-2-ol|C20H42O|Organic
233|Methyl Methanoate|C2H4O2|Organic
234|Methyl Acetate|C3H6O2|Organic
235|Methyl Propanoate|C4H8O2|Organic
236|Methyl Butanoate|C5H10O2|Organic
237|Methyl Pentanoate|C6H12O2|Organic
238|Methyl Hexanoate|C7H14O2|Organic
239|Methyl Heptanoate|C8H16O2|Organic
240|Methyl Octanoate|C9H18O2|Organic
241|Methyl Nonanoate|C10H20O2|Organic
242|Methyl Decanoate|C11H22O2|Organic
243|Methyl Undecanoate|C12H24O2|Organic
244|Methyl Dodecanoate|C13H26O2|Organic
245|Methyl Tridecanoate|C14H28O2|Organic
246|Methyl Tetradecanoate|C15H30O2|Organic
247|Methyl Pentadecanoate|C16H32O2|Organic
248|Methyl Hexadecanoate|C17H34O2|Organic
249|Methyl Heptadecanoate|C18H36O2|Organic
250|Methyl Octadecanoate|C19H38O2|Organic
251|Methyl Nonadecanoate|C20H40O2|Organic
252|Methyl Eicosanoate|C21H42O2|Organic
253|Lithium Ion|Li+|Ion
254|Sodium Ion|Na+|Ion
255|Potassium Ion|K+|Ion
256|Magnesium Ion|Mg^2+|Ion
257|Calcium Ion|Ca^2+|Ion
258|Barium Ion|Ba^2+|Ion
259|Zinc Ion|Zn^2+|Ion
260|Copper(II) Ion|Cu^2+|Ion
261|Iron(II) Ion|Fe^2+|Ion
262|Iron(III) Ion|Fe^3+|Ion
263|Aluminium Ion|Al^3+|Ion
264|Silver Ion|Ag+|Ion
265|Chloride|Cl-|Ion
266|Bromide|Br-|Ion
267|Iodide|I-|Ion
268|Hydroxide|OH-|Ion
269|Nitrate|NO3-|Ion
270|Nitrite|NO2-|Ion
271|Phosphate|PO4^3-|Ion
272|Hydrogen Phosphate|HPO4^2-|Ion
273|Dihydrogen Phosphate|H2PO4-|Ion
274|Acetate|CH3COO-|Ion
275|Lithium Chloride|LiCl|Salt
276|Lithium Bromide|LiBr|Salt
277|Lithium Iodide|LiI|Salt
278|Lithium Hydroxide|LiOH|Salt
279|Lithium Nitrate|LiNO3|Salt
280|Lithium Nitrite|LiNO2|Salt
281|Lithium Phosphate|Li3PO4|Salt
282|Lithium Hydrogen Phosphate|Li2HPO4|Salt
283|Sodium Chloride|NaCl|Salt
284|Sodium Bromide|NaBr|Salt
285|Sodium Iodide|NaI|Salt
286|Sodium Hydroxide|NaOH|Salt
287|Sodium Nitrate|NaNO3|Salt
288|Sodium Nitrite|NaNO2|Salt
289|Sodium Phosphate|Na3PO4|Salt
290|Sodium Hydrogen Phosphate|Na2HPO4|Salt
291|Potassium Chloride|KCl|Salt
292|Potassium Bromide|KBr|Salt
293|Potassium Iodide|KI|Salt
294|Potassium Hydroxide|KOH|Salt
295|Potassium Nitrate|KNO3|Salt
296|Potassium Nitrite|KNO2|Salt
297|Potassium Phosphate|K3PO4|Salt
298|Potassium Hydrogen Phosphate|K2HPO4|Salt
299|Magnesium Chloride|MgCl2|Salt
300|Magnesium Bromide|MgBr2|Salt
301|Magnesium Iodide|MgI2|Salt
302|Magnesium Hydroxide|Mg(OH)2|Salt
303|Magnesium Nitrate|Mg(NO3)2|Salt
304|Magnesium Nitrite|Mg(NO2)2|Salt
305|Magnesium Phosphate|Mg3(PO4)2|Salt
306|Magnesium Hydrogen Phosphate|MgHPO4|Salt
307|Calcium Chloride|CaCl2|Salt
308|Calcium Bromide|CaBr2|Salt
309|Calcium Iodide|CaI2|Salt
310|Calcium Hydroxide|Ca(OH)2|Salt
311|Calcium Nitrate|Ca(NO3)2|Salt
312|Calcium Nitrite|Ca(NO2)2|Salt
313|Calcium Phosphate|Ca3(PO4)2|Salt
314|Calcium Hydrogen Phosphate|CaHPO4|Salt
315|Barium Chloride|BaCl2|Salt
316|Barium Bromide|BaBr2|Salt
317|Barium Iodide|BaI2|Salt
318|Barium Hydroxide|Ba(OH)2|Salt
319|Barium Nitrate|Ba(NO3)2|Salt
320|Barium Nitrite|Ba(NO2)2|Salt
321|Barium Phosphate|Ba3(PO4)2|Salt
322|Barium Hydrogen Phosphate|BaHPO4|Salt
323|Zinc Chloride|ZnCl2|Salt
324|Zinc Bromide|ZnBr2|Salt
325|Zinc Iodide|ZnI2|Salt
326|Zinc Hydroxide|Zn(OH)2|Salt
327|Zinc Nitrate|Zn(NO3)2|Salt
328|Zinc Nitrite|Zn(NO2)2|Salt
329|Zinc Phosphate|Zn3(PO4)2|Salt
330|Zinc Hydrogen Phosphate|ZnHPO4|Salt
331|Copper(II) Chloride|CuCl2|Salt
332|Copper(II) Bromide|CuBr2|Salt
333|Copper(II) Iodide|CuI2|Salt
334|Copper(II) Hydroxide|Cu(OH)2|Salt
335|Copper(II) Nitrate|Cu(NO3)2|Salt
336|Copper(II) Nitrite|Cu(NO2)2|Salt
337|Copper(II) Phosphate|Cu3(PO4)2|Salt
338|Copper(II) Hydrogen Phosphate|CuHPO4|Salt
339|Iron(II) Chloride|FeCl2|Salt
340|Iron(II) Bromide|FeBr2|Salt
341|Iron(II) Iodide|FeI2|Salt
342|Iron(II) Hydroxide|Fe(OH)2|Salt
343|Iron(II) Nitrate|Fe(NO3)2|Salt
344|Iron(II) Nitrite|Fe(NO2)2|Salt
345|Iron(II) Phosphate|Fe3(PO4)2|Salt
346|Iron(II) Hydrogen Phosphate|FeHPO4|Salt
347|Iron(III) Chloride|FeCl3|Salt
348|Iron(III) Bromide|FeBr3|Salt
349|Iron(III) Iodide|FeI3|Salt
350|Iron(III) Hydroxide|Fe(OH)3|Salt
351|Iron(III) Nitrate|Fe(NO3)3|Salt
352|Iron(III) Nitrite|Fe(NO2)3|Salt
353|Iron(III) Phosphate|FePO4|Salt
354|Iron(III) Hydrogen Phosphate|Fe2(HPO4)3|Salt
355|Aluminium Chloride|AlCl3|Salt
356|Aluminium Bromide|AlBr3|Salt
357|Aluminium Iodide|AlI3|Salt
358|Aluminium Hydroxide|Al(OH)3|Salt
359|Aluminium Nitrate|Al(NO3)3|Salt
360|Aluminium Nitrite|Al(NO2)3|Salt
361|Aluminium Phosphate|AlPO4|Salt
362|Aluminium Hydrogen Phosphate|Al2(HPO4)3|Salt
363|Silver Chloride|AgCl|Salt
364|Silver Bromide|AgBr|Salt
365|Silver Iodide|AgI|Salt
366|Silver Hydroxide|AgOH|Salt
367|Silver Nitrate|AgNO3|Salt
368|Silver Nitrite|AgNO2|Salt
369|Silver Phosphate|Ag3PO4|Salt
370|Silver Hydrogen Phosphate|Ag2HPO4|Salt
371|Benzene|C6H6|Organic
372|Toluene|C7H8|Organic
373|Ethylbenzene|C8H10|Organic
374|Styrene|C8H8|Organic
375|Phenol|C6H5OH|Organic
376|Aniline|C6H5NH2|Base
377|Benzoic Acid|C7H6O2|Acid
378|Benzaldehyde|C7H6O|Organic
379|Acetophenone|C8H8O|Organic
380|Cyclohexane|C6H12|Organic
381|Cyclohexene|C6H10|Organic
382|Cyclohexanol|C6H12O|Organic
383|Glycerol|C3H8O3|Organic
384|Ethylene Glycol|C2H6O2|Organic
385|Urea|CH4N2O|Biochemical
386|Glycine|C2H5NO2|Biochemical
387|Alanine|C3H7NO2|Biochemical
388|Valine|C5H11NO2|Biochemical
389|Leucine|C6H13NO2|Biochemical
390|Isoleucine|C6H13NO2|Biochemical
391|Serine|C3H7NO3|Biochemical
392|Threonine|C4H9NO3|Biochemical
393|Cysteine|C3H7NO2S|Biochemical
394|Methionine|C5H11NO2S|Biochemical
395|Aspartic Acid|C4H7NO4|Biochemical
396|Glutamic Acid|C5H9NO4|Biochemical
397|Lysine|C6H14N2O2|Biochemical
398|Arginine|C6H14N4O2|Biochemical
399|Histidine|C6H9N3O2|Biochemical
400|Phenylalanine|C9H11NO2|Biochemical
401|Tyrosine|C9H11NO3|Biochemical
402|Tryptophan|C11H12N2O2|Biochemical
403|Fructose|C6H12O6|Biochemical
404|Galactose|C6H12O6|Biochemical
405|Ribose|C5H10O5|Biochemical
406|Sucrose|C12H22O11|Biochemical
407|Maltose|C12H22O11|Biochemical
408|Lactose|C12H22O11|Biochemical
409|Citric Acid|C6H8O7|Biochemical
410|Isocitric Acid|C6H8O7|Biochemical
411|Alpha-Ketoglutarate|C5H6O5|Biochemical
412|Succinic Acid|C4H6O4|Biochemical
413|Fumaric Acid|C4H4O4|Biochemical
414|Malic Acid|C4H6O5|Biochemical
415|Oxaloacetic Acid|C4H4O5|Biochemical
416|Acetyl-CoA|C23H38N7O17P3S|Biochemical
417|ATP|C10H16N5O13P3|Biochemical
418|ADP|C10H15N5O10P2|Biochemical
419|AMP|C10H14N5O7P|Biochemical
420|Adenine|C5H5N5|Biochemical
421|Guanine|C5H5N5O|Biochemical
422|Cytosine|C4H5N3O|Biochemical
423|Thymine|C5H6N2O2|Biochemical
424|Uracil|C4H4N2O2|Biochemical
425|Hydronium|H3O+|Ion
426|Hydrogen Sulfate|HSO4-|Ion
427|Hydrogen Chloride|HCl|Inorganic
428|Ammonium Chloride|NH4Cl|Salt
429|Thionyl Chloride|SOCl2|Inorganic
430|Benzyl Alcohol|C7H8O|Organic
431|Anilinium|C6H8N+|Ion
432|Phenoxide|C6H5O-|Ion
433|Barium Sulfate|BaSO4|Salt
434|Calcium Carbonate|CaCO3|Salt
435|Methylammonium|CH6N+|Ion
436|Methylammonium Chloride|CH6NCl|Salt
437|Methanoate|CH1O2-|Ion
438|Sodium Methanoate|CH1NaO2|Salt
439|Ethylammonium|C2H8N+|Ion
440|Ethylammonium Chloride|C2H8NCl|Salt
441|Sodium Acetate|C2H3NaO2|Salt
442|Propylammonium|C3H10N+|Ion
443|Propylammonium Chloride|C3H10NCl|Salt
444|Propanoate|C3H5O2-|Ion
445|Sodium Propanoate|C3H5NaO2|Salt
446|Butylammonium|C4H12N+|Ion
447|Butylammonium Chloride|C4H12NCl|Salt
448|Butanoate|C4H7O2-|Ion
449|Sodium Butanoate|C4H7NaO2|Salt
450|Pentylammonium|C5H14N+|Ion
451|Pentylammonium Chloride|C5H14NCl|Salt
452|Pentanoate|C5H9O2-|Ion
453|Sodium Pentanoate|C5H9NaO2|Salt
454|Hexylammonium|C6H16N+|Ion
455|Hexylammonium Chloride|C6H16NCl|Salt
456|Hexanoate|C6H11O2-|Ion
457|Sodium Hexanoate|C6H11NaO2|Salt
458|Heptylammonium|C7H18N+|Ion
459|Heptylammonium Chloride|C7H18NCl|Salt
460|Heptanoate|C7H13O2-|Ion
461|Sodium Heptanoate|C7H13NaO2|Salt
462|Octylammonium|C8H20N+|Ion
463|Octylammonium Chloride|C8H20NCl|Salt
464|Octanoate|C8H15O2-|Ion
465|Sodium Octanoate|C8H15NaO2|Salt
466|Nonylammonium|C9H22N+|Ion
467|Nonylammonium Chloride|C9H22NCl|Salt
468|Nonanoate|C9H17O2-|Ion
469|Sodium Nonanoate|C9H17NaO2|Salt
470|Decylammonium|C10H24N+|Ion
471|Decylammonium Chloride|C10H24NCl|Salt
472|Decanoate|C10H19O2-|Ion
473|Sodium Decanoate|C10H19NaO2|Salt
474|Undecylammonium|C11H26N+|Ion
475|Undecylammonium Chloride|C11H26NCl|Salt
476|Undecanoate|C11H21O2-|Ion
477|Sodium Undecanoate|C11H21NaO2|Salt
478|Dodecylammonium|C12H28N+|Ion
479|Dodecylammonium Chloride|C12H28NCl|Salt
480|Dodecanoate|C12H23O2-|Ion
481|Sodium Dodecanoate|C12H23NaO2|Salt
482|Tridecylammonium|C13H30N+|Ion
483|Tridecylammonium Chloride|C13H30NCl|Salt
484|Tridecanoate|C13H25O2-|Ion
485|Sodium Tridecanoate|C13H25NaO2|Salt
486|Tetradecylammonium|C14H32N+|Ion
487|Tetradecylammonium Chloride|C14H32NCl|Salt
488|Tetradecanoate|C14H27O2-|Ion
489|Sodium Tetradecanoate|C14H27NaO2|Salt
490|Pentadecylammonium|C15H34N+|Ion
491|Pentadecylammonium Chloride|C15H34NCl|Salt
492|Pentadecanoate|C15H29O2-|Ion
493|Sodium Pentadecanoate|C15H29NaO2|Salt
494|Hexadecylammonium|C16H36N+|Ion
495|Hexadecylammonium Chloride|C16H36NCl|Salt
496|Hexadecanoate|C16H31O2-|Ion
497|Sodium Hexadecanoate|C16H31NaO2|Salt
498|Heptadecylammonium|C17H38N+|Ion
499|Heptadecylammonium Chloride|C17H38NCl|Salt
500|Heptadecanoate|C17H33O2-|Ion
501|Sodium Heptadecanoate|C17H33NaO2|Salt
502|Octadecylammonium|C18H40N+|Ion
503|Octadecylammonium Chloride|C18H40NCl|Salt
504|Octadecanoate|C18H35O2-|Ion
505|Sodium Octadecanoate|C18H35NaO2|Salt
506|Nonadecylammonium|C19H42N+|Ion
507|Nonadecylammonium Chloride|C19H42NCl|Salt
508|Nonadecanoate|C19H37O2-|Ion
509|Sodium Nonadecanoate|C19H37NaO2|Salt
510|Eicosylammonium|C20H44N+|Ion
511|Eicosylammonium Chloride|C20H44NCl|Salt
512|Eicosanoate|C20H39O2-|Ion
513|Sodium Eicosanoate|C20H39NaO2|Salt
514|Heneicosane|C21H44|Organic
515|Heneicos-1-ene|C21H42|Organic
516|Heneicos-1-yne|C21H40|Organic
517|Heneicosan-1-ol|C21H44O|Organic
518|Heneicosanal|C21H42O|Organic
519|Heneicosanoic Acid|C21H42O2|Acid
520|Heneicosan-1-amine|C21H45N|Base
521|1-Chloroheneicosane|C21H43Cl|Organic
522|Heneicosanenitrile|C21H41N|Organic
523|Methyl Heneicosanoate|C22H44O2|Organic
524|Heneicosan-2-ol|C21H44O|Organic
525|Heneicosan-2-one|C21H42O|Organic
526|Heneicosylammonium|C21H46N+|Ion
527|Heneicosylammonium Chloride|C21H46NCl|Salt
528|Heneicosanoate|C21H41O2-|Ion
529|Sodium Heneicosanoate|C21H41NaO2|Salt
530|Potassium Heneicosanoate|C21H41KO2|Salt
531|Lithium Heneicosanoate|C21H41LiO2|Salt
532|Ammonium Heneicosanoate|C21H45NO2|Salt
533|Calcium Heneicosanoate|C42H82CaO4|Salt
534|Magnesium Heneicosanoate|C42H82MgO4|Salt
535|Docosane|C22H46|Organic
536|Docos-1-ene|C22H44|Organic
537|Docos-1-yne|C22H42|Organic
538|Docosan-1-ol|C22H46O|Organic
539|Docosanal|C22H44O|Organic
540|Docosanoic Acid|C22H44O2|Acid
541|Docosan-1-amine|C22H47N|Base
542|1-Chlorodocosane|C22H45Cl|Organic
543|Docosanenitrile|C22H43N|Organic
544|Methyl Docosanoate|C23H46O2|Organic
545|Docosan-2-ol|C22H46O|Organic
546|Docosan-2-one|C22H44O|Organic
547|Docosylammonium|C22H48N+|Ion
548|Docosylammonium Chloride|C22H48NCl|Salt
549|Docosanoate|C22H43O2-|Ion
550|Sodium Docosanoate|C22H43NaO2|Salt
551|Potassium Docosanoate|C22H43KO2|Salt
552|Lithium Docosanoate|C22H43LiO2|Salt
553|Ammonium Docosanoate|C22H47NO2|Salt
554|Calcium Docosanoate|C44H86CaO4|Salt
555|Magnesium Docosanoate|C44H86MgO4|Salt
556|Tricosane|C23H48|Organic
557|Tricos-1-ene|C23H46|Organic
558|Tricos-1-yne|C23H44|Organic
559|Tricosan-1-ol|C23H48O|Organic
560|Tricosanal|C23H46O|Organic
561|Tricosanoic Acid|C23H46O2|Acid
562|Tricosan-1-amine|C23H49N|Base
563|1-Chlorotricosane|C23H47Cl|Organic
564|Tricosanenitrile|C23H45N|Organic
565|Methyl Tricosanoate|C24H48O2|Organic
566|Tricosan-2-ol|C23H48O|Organic
567|Tricosan-2-one|C23H46O|Organic
568|Tricosylammonium|C23H50N+|Ion
569|Tricosylammonium Chloride|C23H50NCl|Salt
570|Tricosanoate|C23H45O2-|Ion
571|Sodium Tricosanoate|C23H45NaO2|Salt
572|Potassium Tricosanoate|C23H45KO2|Salt
573|Lithium Tricosanoate|C23H45LiO2|Salt
574|Ammonium Tricosanoate|C23H49NO2|Salt
575|Calcium Tricosanoate|C46H90CaO4|Salt
576|Magnesium Tricosanoate|C46H90MgO4|Salt
577|Tetracosane|C24H50|Organic
578|Tetracos-1-ene|C24H48|Organic
579|Tetracos-1-yne|C24H46|Organic
580|Tetracosan-1-ol|C24H50O|Organic
581|Tetracosanal|C24H48O|Organic
582|Tetracosanoic Acid|C24H48O2|Acid
583|Tetracosan-1-amine|C24H51N|Base
584|1-Chlorotetracosane|C24H49Cl|Organic
585|Tetracosanenitrile|C24H47N|Organic
586|Methyl Tetracosanoate|C25H50O2|Organic
587|Tetracosan-2-ol|C24H50O|Organic
588|Tetracosan-2-one|C24H48O|Organic
589|Tetracosylammonium|C24H52N+|Ion
590|Tetracosylammonium Chloride|C24H52NCl|Salt
591|Tetracosanoate|C24H47O2-|Ion
592|Sodium Tetracosanoate|C24H47NaO2|Salt
593|Potassium Tetracosanoate|C24H47KO2|Salt
594|Lithium Tetracosanoate|C24H47LiO2|Salt
595|Ammonium Tetracosanoate|C24H51NO2|Salt
596|Calcium Tetracosanoate|C48H94CaO4|Salt
597|Magnesium Tetracosanoate|C48H94MgO4|Salt
598|Pentacosane|C25H52|Organic
599|Pentacos-1-ene|C25H50|Organic
600|Pentacos-1-yne|C25H48|Organic
601|Pentacosan-1-ol|C25H52O|Organic
602|Pentacosanal|C25H50O|Organic
603|Pentacosanoic Acid|C25H50O2|Acid
604|Pentacosan-1-amine|C25H53N|Base
605|1-Chloropentacosane|C25H51Cl|Organic
606|Pentacosanenitrile|C25H49N|Organic
607|Methyl Pentacosanoate|C26H52O2|Organic
608|Pentacosan-2-ol|C25H52O|Organic
609|Pentacosan-2-one|C25H50O|Organic
610|Pentacosylammonium|C25H54N+|Ion
611|Pentacosylammonium Chloride|C25H54NCl|Salt
612|Pentacosanoate|C25H49O2-|Ion
613|Sodium Pentacosanoate|C25H49NaO2|Salt
614|Potassium Pentacosanoate|C25H49KO2|Salt
615|Lithium Pentacosanoate|C25H49LiO2|Salt
616|Ammonium Pentacosanoate|C25H53NO2|Salt
617|Calcium Pentacosanoate|C50H98CaO4|Salt
618|Magnesium Pentacosanoate|C50H98MgO4|Salt
619|Hexacosane|C26H54|Organic
620|Hexacos-1-ene|C26H52|Organic
621|Hexacos-1-yne|C26H50|Organic
622|Hexacosan-1-ol|C26H54O|Organic
623|Hexacosanal|C26H52O|Organic
624|Hexacosanoic Acid|C26H52O2|Acid
625|Hexacosan-1-amine|C26H55N|Base
626|1-Chlorohexacosane|C26H53Cl|Organic
627|Hexacosanenitrile|C26H51N|Organic
628|Methyl Hexacosanoate|C27H54O2|Organic
629|Hexacosan-2-ol|C26H54O|Organic
630|Hexacosan-2-one|C26H52O|Organic
631|Hexacosylammonium|C26H56N+|Ion
632|Hexacosylammonium Chloride|C26H56NCl|Salt
633|Hexacosanoate|C26H51O2-|Ion
634|Sodium Hexacosanoate|C26H51NaO2|Salt
635|Potassium Hexacosanoate|C26H51KO2|Salt
636|Lithium Hexacosanoate|C26H51LiO2|Salt
637|Ammonium Hexacosanoate|C26H55NO2|Salt
638|Calcium Hexacosanoate|C52H102CaO4|Salt
639|Magnesium Hexacosanoate|C52H102MgO4|Salt
640|Heptacosane|C27H56|Organic
641|Heptacos-1-ene|C27H54|Organic
642|Heptacos-1-yne|C27H52|Organic
643|Heptacosan-1-ol|C27H56O|Organic
644|Heptacosanal|C27H54O|Organic
645|Heptacosanoic Acid|C27H54O2|Acid
646|Heptacosan-1-amine|C27H57N|Base
647|1-Chloroheptacosane|C27H55Cl|Organic
648|Heptacosanenitrile|C27H53N|Organic
649|Methyl Heptacosanoate|C28H56O2|Organic
650|Heptacosan-2-ol|C27H56O|Organic
651|Heptacosan-2-one|C27H54O|Organic
652|Heptacosylammonium|C27H58N+|Ion
653|Heptacosylammonium Chloride|C27H58NCl|Salt
654|Heptacosanoate|C27H53O2-|Ion
655|Sodium Heptacosanoate|C27H53NaO2|Salt
656|Potassium Heptacosanoate|C27H53KO2|Salt
657|Lithium Heptacosanoate|C27H53LiO2|Salt
658|Ammonium Heptacosanoate|C27H57NO2|Salt
659|Calcium Heptacosanoate|C54H106CaO4|Salt
660|Magnesium Heptacosanoate|C54H106MgO4|Salt
661|Octacosane|C28H58|Organic
662|Octacos-1-ene|C28H56|Organic
663|Octacos-1-yne|C28H54|Organic
664|Octacosan-1-ol|C28H58O|Organic
665|Octacosanal|C28H56O|Organic
666|Octacosanoic Acid|C28H56O2|Acid
667|Octacosan-1-amine|C28H59N|Base
668|1-Chlorooctacosane|C28H57Cl|Organic
669|Octacosanenitrile|C28H55N|Organic
670|Methyl Octacosanoate|C29H58O2|Organic
671|Octacosan-2-ol|C28H58O|Organic
672|Octacosan-2-one|C28H56O|Organic
673|Octacosylammonium|C28H60N+|Ion
674|Octacosylammonium Chloride|C28H60NCl|Salt
675|Octacosanoate|C28H55O2-|Ion
676|Sodium Octacosanoate|C28H55NaO2|Salt
677|Potassium Octacosanoate|C28H55KO2|Salt
678|Lithium Octacosanoate|C28H55LiO2|Salt
679|Ammonium Octacosanoate|C28H59NO2|Salt
680|Calcium Octacosanoate|C56H110CaO4|Salt
681|Magnesium Octacosanoate|C56H110MgO4|Salt
682|Nonacosane|C29H60|Organic
683|Nonacos-1-ene|C29H58|Organic
684|Nonacos-1-yne|C29H56|Organic
685|Nonacosan-1-ol|C29H60O|Organic
686|Nonacosanal|C29H58O|Organic
687|Nonacosanoic Acid|C29H58O2|Acid
688|Nonacosan-1-amine|C29H61N|Base
689|1-Chlorononacosane|C29H59Cl|Organic
690|Nonacosanenitrile|C29H57N|Organic
691|Methyl Nonacosanoate|C30H60O2|Organic
692|Nonacosan-2-ol|C29H60O|Organic
693|Nonacosan-2-one|C29H58O|Organic
694|Nonacosylammonium|C29H62N+|Ion
695|Nonacosylammonium Chloride|C29H62NCl|Salt
696|Nonacosanoate|C29H57O2-|Ion
697|Sodium Nonacosanoate|C29H57NaO2|Salt
698|Potassium Nonacosanoate|C29H57KO2|Salt
699|Lithium Nonacosanoate|C29H57LiO2|Salt
700|Ammonium Nonacosanoate|C29H61NO2|Salt
701|Calcium Nonacosanoate|C58H114CaO4|Salt
702|Magnesium Nonacosanoate|C58H114MgO4|Salt
703|Triacontane|C30H62|Organic
704|Triacont-1-ene|C30H60|Organic
705|Triacont-1-yne|C30H58|Organic
706|Triacontan-1-ol|C30H62O|Organic
707|Triacontanal|C30H60O|Organic
708|Triacontanoic Acid|C30H60O2|Acid
709|Triacontan-1-amine|C30H63N|Base
710|1-Chlorotriacontane|C30H61Cl|Organic
711|Triacontanenitrile|C30H59N|Organic
712|Methyl Triacontanoate|C31H62O2|Organic
713|Triacontan-2-ol|C30H62O|Organic
714|Triacontan-2-one|C30H60O|Organic
715|Triacontylammonium|C30H64N+|Ion
716|Triacontylammonium Chloride|C30H64NCl|Salt
717|Triacontanoate|C30H59O2-|Ion
718|Sodium Triacontanoate|C30H59NaO2|Salt
719|Potassium Triacontanoate|C30H59KO2|Salt
720|Lithium Triacontanoate|C30H59LiO2|Salt
721|Ammonium Triacontanoate|C30H63NO2|Salt
722|Calcium Triacontanoate|C60H118CaO4|Salt
723|Magnesium Triacontanoate|C60H118MgO4|Salt
724|Hentriacontane|C31H64|Organic
725|Hentriacont-1-ene|C31H62|Organic
726|Hentriacont-1-yne|C31H60|Organic
727|Hentriacontan-1-ol|C31H64O|Organic
728|Hentriacontanal|C31H62O|Organic
729|Hentriacontanoic Acid|C31H62O2|Acid
730|Hentriacontan-1-amine|C31H65N|Base
731|1-Chlorohentriacontane|C31H63Cl|Organic
732|Hentriacontanenitrile|C31H61N|Organic
733|Methyl Hentriacontanoate|C32H64O2|Organic
734|Hentriacontan-2-ol|C31H64O|Organic
735|Hentriacontan-2-one|C31H62O|Organic
736|Hentriacontylammonium|C31H66N+|Ion
737|Hentriacontylammonium Chloride|C31H66NCl|Salt
738|Hentriacontanoate|C31H61O2-|Ion
739|Sodium Hentriacontanoate|C31H61NaO2|Salt
740|Potassium Hentriacontanoate|C31H61KO2|Salt
741|Lithium Hentriacontanoate|C31H61LiO2|Salt
742|Ammonium Hentriacontanoate|C31H65NO2|Salt
743|Calcium Hentriacontanoate|C62H122CaO4|Salt
744|Magnesium Hentriacontanoate|C62H122MgO4|Salt
745|Dotriacontane|C32H66|Organic
746|Dotriacont-1-ene|C32H64|Organic
747|Dotriacont-1-yne|C32H62|Organic
748|Dotriacontan-1-ol|C32H66O|Organic
749|Dotriacontanal|C32H64O|Organic
750|Dotriacontanoic Acid|C32H64O2|Acid
751|Dotriacontan-1-amine|C32H67N|Base
752|1-Chlorodotriacontane|C32H65Cl|Organic
753|Dotriacontanenitrile|C32H63N|Organic
754|Methyl Dotriacontanoate|C33H66O2|Organic
755|Dotriacontan-2-ol|C32H66O|Organic
756|Dotriacontan-2-one|C32H64O|Organic
757|Dotriacontylammonium|C32H68N+|Ion
758|Dotriacontylammonium Chloride|C32H68NCl|Salt
759|Dotriacontanoate|C32H63O2-|Ion
760|Sodium Dotriacontanoate|C32H63NaO2|Salt
761|Potassium Dotriacontanoate|C32H63KO2|Salt
762|Lithium Dotriacontanoate|C32H63LiO2|Salt
763|Ammonium Dotriacontanoate|C32H67NO2|Salt
764|Calcium Dotriacontanoate|C64H126CaO4|Salt
765|Magnesium Dotriacontanoate|C64H126MgO4|Salt
766|Tritriacontane|C33H68|Organic
767|Tritriacont-1-ene|C33H66|Organic
768|Tritriacont-1-yne|C33H64|Organic
769|Tritriacontan-1-ol|C33H68O|Organic
770|Tritriacontanal|C33H66O|Organic
771|Tritriacontanoic Acid|C33H66O2|Acid
772|Tritriacontan-1-amine|C33H69N|Base
773|1-Chlorotritriacontane|C33H67Cl|Organic
774|Tritriacontanenitrile|C33H65N|Organic
775|Methyl Tritriacontanoate|C34H68O2|Organic
776|Tritriacontan-2-ol|C33H68O|Organic
777|Tritriacontan-2-one|C33H66O|Organic
778|Tritriacontylammonium|C33H70N+|Ion
779|Tritriacontylammonium Chloride|C33H70NCl|Salt
780|Tritriacontanoate|C33H65O2-|Ion
781|Sodium Tritriacontanoate|C33H65NaO2|Salt
782|Potassium Tritriacontanoate|C33H65KO2|Salt
783|Lithium Tritriacontanoate|C33H65LiO2|Salt
784|Ammonium Tritriacontanoate|C33H69NO2|Salt
785|Calcium Tritriacontanoate|C66H130CaO4|Salt
786|Magnesium Tritriacontanoate|C66H130MgO4|Salt
787|Tetratriacontane|C34H70|Organic
788|Tetratriacont-1-ene|C34H68|Organic
789|Tetratriacont-1-yne|C34H66|Organic
790|Tetratriacontan-1-ol|C34H70O|Organic
791|Tetratriacontanal|C34H68O|Organic
792|Tetratriacontanoic Acid|C34H68O2|Acid
793|Tetratriacontan-1-amine|C34H71N|Base
794|1-Chlorotetratriacontane|C34H69Cl|Organic
795|Tetratriacontanenitrile|C34H67N|Organic
796|Methyl Tetratriacontanoate|C35H70O2|Organic
797|Tetratriacontan-2-ol|C34H70O|Organic
798|Tetratriacontan-2-one|C34H68O|Organic
799|Tetratriacontylammonium|C34H72N+|Ion
800|Tetratriacontylammonium Chloride|C34H72NCl|Salt
801|Tetratriacontanoate|C34H67O2-|Ion
802|Sodium Tetratriacontanoate|C34H67NaO2|Salt
803|Potassium Tetratriacontanoate|C34H67KO2|Salt
804|Lithium Tetratriacontanoate|C34H67LiO2|Salt
805|Ammonium Tetratriacontanoate|C34H71NO2|Salt
806|Calcium Tetratriacontanoate|C68H134CaO4|Salt
807|Magnesium Tetratriacontanoate|C68H134MgO4|Salt
808|Pentatriacontane|C35H72|Organic
809|Pentatriacont-1-ene|C35H70|Organic
810|Pentatriacont-1-yne|C35H68|Organic
811|Pentatriacontan-1-ol|C35H72O|Organic
812|Pentatriacontanal|C35H70O|Organic
813|Pentatriacontanoic Acid|C35H70O2|Acid
814|Pentatriacontan-1-amine|C35H73N|Base
815|1-Chloropentatriacontane|C35H71Cl|Organic
816|Pentatriacontanenitrile|C35H69N|Organic
817|Methyl Pentatriacontanoate|C36H72O2|Organic
818|Pentatriacontan-2-ol|C35H72O|Organic
819|Pentatriacontan-2-one|C35H70O|Organic
820|Pentatriacontylammonium|C35H74N+|Ion
821|Pentatriacontylammonium Chloride|C35H74NCl|Salt
822|Pentatriacontanoate|C35H69O2-|Ion
823|Sodium Pentatriacontanoate|C35H69NaO2|Salt
824|Potassium Pentatriacontanoate|C35H69KO2|Salt
825|Lithium Pentatriacontanoate|C35H69LiO2|Salt
826|Ammonium Pentatriacontanoate|C35H73NO2|Salt
827|Calcium Pentatriacontanoate|C70H138CaO4|Salt
828|Magnesium Pentatriacontanoate|C70H138MgO4|Salt
829|Hexatriacontane|C36H74|Organic
830|Hexatriacont-1-ene|C36H72|Organic
831|Hexatriacont-1-yne|C36H70|Organic
832|Hexatriacontan-1-ol|C36H74O|Organic
833|Hexatriacontanal|C36H72O|Organic
834|Hexatriacontanoic Acid|C36H72O2|Acid
835|Hexatriacontan-1-amine|C36H75N|Base
836|1-Chlorohexatriacontane|C36H73Cl|Organic
837|Hexatriacontanenitrile|C36H71N|Organic
838|Methyl Hexatriacontanoate|C37H74O2|Organic
839|Hexatriacontan-2-ol|C36H74O|Organic
840|Hexatriacontan-2-one|C36H72O|Organic
841|Hexatriacontylammonium|C36H76N+|Ion
842|Hexatriacontylammonium Chloride|C36H76NCl|Salt
843|Hexatriacontanoate|C36H71O2-|Ion
844|Sodium Hexatriacontanoate|C36H71NaO2|Salt
845|Potassium Hexatriacontanoate|C36H71KO2|Salt
846|Lithium Hexatriacontanoate|C36H71LiO2|Salt
847|Ammonium Hexatriacontanoate|C36H75NO2|Salt
848|Calcium Hexatriacontanoate|C72H142CaO4|Salt
849|Magnesium Hexatriacontanoate|C72H142MgO4|Salt
850|Heptatriacontane|C37H76|Organic
851|Heptatriacont-1-ene|C37H74|Organic
852|Heptatriacont-1-yne|C37H72|Organic
853|Heptatriacontan-1-ol|C37H76O|Organic
854|Heptatriacontanal|C37H74O|Organic
855|Heptatriacontanoic Acid|C37H74O2|Acid
856|Heptatriacontan-1-amine|C37H77N|Base
857|1-Chloroheptatriacontane|C37H75Cl|Organic
858|Heptatriacontanenitrile|C37H73N|Organic
859|Methyl Heptatriacontanoate|C38H76O2|Organic
860|Heptatriacontan-2-ol|C37H76O|Organic
861|Heptatriacontan-2-one|C37H74O|Organic
862|Heptatriacontylammonium|C37H78N+|Ion
863|Heptatriacontylammonium Chloride|C37H78NCl|Salt
864|Heptatriacontanoate|C37H73O2-|Ion
865|Sodium Heptatriacontanoate|C37H73NaO2|Salt
866|Potassium Heptatriacontanoate|C37H73KO2|Salt
867|Lithium Heptatriacontanoate|C37H73LiO2|Salt
868|Ammonium Heptatriacontanoate|C37H77NO2|Salt
869|Calcium Heptatriacontanoate|C74H146CaO4|Salt
870|Magnesium Heptatriacontanoate|C74H146MgO4|Salt
871|Octatriacontane|C38H78|Organic
872|Octatriacont-1-ene|C38H76|Organic
873|Octatriacont-1-yne|C38H74|Organic
874|Octatriacontan-1-ol|C38H78O|Organic
875|Octatriacontanal|C38H76O|Organic
876|Octatriacontanoic Acid|C38H76O2|Acid
877|Octatriacontan-1-amine|C38H79N|Base
878|1-Chlorooctatriacontane|C38H77Cl|Organic
879|Octatriacontanenitrile|C38H75N|Organic
880|Methyl Octatriacontanoate|C39H78O2|Organic
881|Octatriacontan-2-ol|C38H78O|Organic
882|Octatriacontan-2-one|C38H76O|Organic
883|Octatriacontylammonium|C38H80N+|Ion
884|Octatriacontylammonium Chloride|C38H80NCl|Salt
885|Octatriacontanoate|C38H75O2-|Ion
886|Sodium Octatriacontanoate|C38H75NaO2|Salt
887|Potassium Octatriacontanoate|C38H75KO2|Salt
888|Lithium Octatriacontanoate|C38H75LiO2|Salt
889|Ammonium Octatriacontanoate|C38H79NO2|Salt
890|Calcium Octatriacontanoate|C76H150CaO4|Salt
891|Magnesium Octatriacontanoate|C76H150MgO4|Salt
892|Nonatriacontane|C39H80|Organic
893|Nonatriacont-1-ene|C39H78|Organic
894|Nonatriacont-1-yne|C39H76|Organic
895|Nonatriacontan-1-ol|C39H80O|Organic
896|Nonatriacontanal|C39H78O|Organic
897|Nonatriacontanoic Acid|C39H78O2|Acid
898|Nonatriacontan-1-amine|C39H81N|Base
899|1-Chlorononatriacontane|C39H79Cl|Organic
900|Nonatriacontanenitrile|C39H77N|Organic
901|Methyl Nonatriacontanoate|C40H80O2|Organic
902|Nonatriacontan-2-ol|C39H80O|Organic
903|Nonatriacontan-2-one|C39H78O|Organic
904|Nonatriacontylammonium|C39H82N+|Ion
905|Nonatriacontylammonium Chloride|C39H82NCl|Salt
906|Nonatriacontanoate|C39H77O2-|Ion
907|Sodium Nonatriacontanoate|C39H77NaO2|Salt
908|Potassium Nonatriacontanoate|C39H77KO2|Salt
909|Lithium Nonatriacontanoate|C39H77LiO2|Salt
910|Ammonium Nonatriacontanoate|C39H81NO2|Salt
911|Calcium Nonatriacontanoate|C78H154CaO4|Salt
912|Magnesium Nonatriacontanoate|C78H154MgO4|Salt
913|Tetracontane|C40H82|Organic
914|Tetracont-1-ene|C40H80|Organic
915|Tetracont-1-yne|C40H78|Organic
916|Tetracontan-1-ol|C40H82O|Organic
917|Tetracontanal|C40H80O|Organic
918|Tetracontanoic Acid|C40H80O2|Acid
919|Tetracontan-1-amine|C40H83N|Base
920|1-Chlorotetracontane|C40H81Cl|Organic
921|Tetracontanenitrile|C40H79N|Organic
922|Methyl Tetracontanoate|C41H82O2|Organic
923|Tetracontan-2-ol|C40H82O|Organic
924|Tetracontan-2-one|C40H80O|Organic
925|Tetracontylammonium|C40H84N+|Ion
926|Tetracontylammonium Chloride|C40H84NCl|Salt
927|Tetracontanoate|C40H79O2-|Ion
928|Sodium Tetracontanoate|C40H79NaO2|Salt
929|Potassium Tetracontanoate|C40H79KO2|Salt
930|Lithium Tetracontanoate|C40H79LiO2|Salt
931|Ammonium Tetracontanoate|C40H83NO2|Salt
932|Calcium Tetracontanoate|C80H158CaO4|Salt
933|Magnesium Tetracontanoate|C80H158MgO4|Salt
934|Asparagine|C4H8N2O3|Biochemical
935|Glutamine|C5H10N2O3|Biochemical
936|Proline|C5H9NO2|Biochemical
937|Glycine–Glycine Dipeptide|C4H8N2O3|Biochemical
938|Glycine–Alanine Dipeptide|C5H10N2O3|Biochemical
939|Glycine–Valine Dipeptide|C7H14N2O3|Biochemical
940|Glycine–Leucine Dipeptide|C8H16N2O3|Biochemical
941|Glycine–Isoleucine Dipeptide|C8H16N2O3|Biochemical
942|Glycine–Serine Dipeptide|C5H10N2O4|Biochemical
943|Glycine–Threonine Dipeptide|C6H12N2O4|Biochemical
944|Glycine–Cysteine Dipeptide|C5H10N2O3S|Biochemical
945|Glycine–Methionine Dipeptide|C7H14N2O3S|Biochemical
946|Glycine–Aspartic Acid Dipeptide|C6H10N2O5|Biochemical
947|Glycine–Glutamic Acid Dipeptide|C7H12N2O5|Biochemical
948|Glycine–Lysine Dipeptide|C8H17N3O3|Biochemical
949|Glycine–Arginine Dipeptide|C8H17N5O3|Biochemical
950|Glycine–Histidine Dipeptide|C8H12N4O3|Biochemical
951|Glycine–Phenylalanine Dipeptide|C11H14N2O3|Biochemical
952|Glycine–Tyrosine Dipeptide|C11H14N2O4|Biochemical
953|Glycine–Tryptophan Dipeptide|C13H15N3O3|Biochemical
954|Glycine–Asparagine Dipeptide|C6H11N3O4|Biochemical
955|Glycine–Glutamine Dipeptide|C7H13N3O4|Biochemical
956|Glycine–Proline Dipeptide|C7H12N2O3|Biochemical
957|Alanine–Glycine Dipeptide|C5H10N2O3|Biochemical
958|Alanine–Alanine Dipeptide|C6H12N2O3|Biochemical
959|Alanine–Valine Dipeptide|C8H16N2O3|Biochemical
960|Alanine–Leucine Dipeptide|C9H18N2O3|Biochemical
961|Alanine–Isoleucine Dipeptide|C9H18N2O3|Biochemical
962|Alanine–Serine Dipeptide|C6H12N2O4|Biochemical
963|Alanine–Threonine Dipeptide|C7H14N2O4|Biochemical
964|Alanine–Cysteine Dipeptide|C6H12N2O3S|Biochemical
965|Alanine–Methionine Dipeptide|C8H16N2O3S|Biochemical
966|Alanine–Aspartic Acid Dipeptide|C7H12N2O5|Biochemical
967|Alanine–Glutamic Acid Dipeptide|C8H14N2O5|Biochemical
968|Alanine–Lysine Dipeptide|C9H19N3O3|Biochemical
969|Alanine–Arginine Dipeptide|C9H19N5O3|Biochemical
970|Alanine–Histidine Dipeptide|C9H14N4O3|Biochemical
971|Alanine–Phenylalanine Dipeptide|C12H16N2O3|Biochemical
972|Alanine–Tyrosine Dipeptide|C12H16N2O4|Biochemical
973|Alanine–Tryptophan Dipeptide|C14H17N3O3|Biochemical
974|Alanine–Asparagine Dipeptide|C7H13N3O4|Biochemical
975|Alanine–Glutamine Dipeptide|C8H15N3O4|Biochemical
976|Alanine–Proline Dipeptide|C8H14N2O3|Biochemical
977|Valine–Glycine Dipeptide|C7H14N2O3|Biochemical
978|Valine–Alanine Dipeptide|C8H16N2O3|Biochemical
979|Valine–Valine Dipeptide|C10H20N2O3|Biochemical
980|Valine–Leucine Dipeptide|C11H22N2O3|Biochemical
981|Valine–Isoleucine Dipeptide|C11H22N2O3|Biochemical
982|Valine–Serine Dipeptide|C8H16N2O4|Biochemical
983|Valine–Threonine Dipeptide|C9H18N2O4|Biochemical
984|Valine–Cysteine Dipeptide|C8H16N2O3S|Biochemical
985|Valine–Methionine Dipeptide|C10H20N2O3S|Biochemical
986|Valine–Aspartic Acid Dipeptide|C9H16N2O5|Biochemical
987|Valine–Glutamic Acid Dipeptide|C10H18N2O5|Biochemical
988|Valine–Lysine Dipeptide|C11H23N3O3|Biochemical
989|Valine–Arginine Dipeptide|C11H23N5O3|Biochemical
990|Valine–Histidine Dipeptide|C11H18N4O3|Biochemical
991|Valine–Phenylalanine Dipeptide|C14H20N2O3|Biochemical
992|Valine–Tyrosine Dipeptide|C14H20N2O4|Biochemical
993|Valine–Tryptophan Dipeptide|C16H21N3O3|Biochemical
994|Valine–Asparagine Dipeptide|C9H17N3O4|Biochemical
995|Valine–Glutamine Dipeptide|C10H19N3O4|Biochemical
996|Valine–Proline Dipeptide|C10H18N2O3|Biochemical
997|Leucine–Glycine Dipeptide|C8H16N2O3|Biochemical
998|Leucine–Alanine Dipeptide|C9H18N2O3|Biochemical
999|Leucine–Valine Dipeptide|C11H22N2O3|Biochemical
1000|Leucine–Leucine Dipeptide|C12H24N2O3|Biochemical
1001|Leucine–Isoleucine Dipeptide|C12H24N2O3|Biochemical
1002|Leucine–Serine Dipeptide|C9H18N2O4|Biochemical
1003|Leucine–Threonine Dipeptide|C10H20N2O4|Biochemical
1004|Leucine–Cysteine Dipeptide|C9H18N2O3S|Biochemical
1005|Leucine–Methionine Dipeptide|C11H22N2O3S|Biochemical
1006|Leucine–Aspartic Acid Dipeptide|C10H18N2O5|Biochemical
1007|Leucine–Glutamic Acid Dipeptide|C11H20N2O5|Biochemical
1008|Leucine–Lysine Dipeptide|C12H25N3O3|Biochemical
1009|Leucine–Arginine Dipeptide|C12H25N5O3|Biochemical
1010|Leucine–Histidine Dipeptide|C12H20N4O3|Biochemical
1011|Leucine–Phenylalanine Dipeptide|C15H22N2O3|Biochemical
1012|Leucine–Tyrosine Dipeptide|C15H22N2O4|Biochemical
1013|Leucine–Tryptophan Dipeptide|C17H23N3O3|Biochemical
1014|Leucine–Asparagine Dipeptide|C10H19N3O4|Biochemical
1015|Leucine–Glutamine Dipeptide|C11H21N3O4|Biochemical
1016|Leucine–Proline Dipeptide|C11H20N2O3|Biochemical
1017|Isoleucine–Glycine Dipeptide|C8H16N2O3|Biochemical
1018|Isoleucine–Alanine Dipeptide|C9H18N2O3|Biochemical
1019|Isoleucine–Valine Dipeptide|C11H22N2O3|Biochemical
1020|Isoleucine–Leucine Dipeptide|C12H24N2O3|Biochemical
1021|Isoleucine–Isoleucine Dipeptide|C12H24N2O3|Biochemical
1022|Isoleucine–Serine Dipeptide|C9H18N2O4|Biochemical
1023|Isoleucine–Threonine Dipeptide|C10H20N2O4|Biochemical
1024|Isoleucine–Cysteine Dipeptide|C9H18N2O3S|Biochemical
1025|Isoleucine–Methionine Dipeptide|C11H22N2O3S|Biochemical
1026|Isoleucine–Aspartic Acid Dipeptide|C10H18N2O5|Biochemical
1027|Isoleucine–Glutamic Acid Dipeptide|C11H20N2O5|Biochemical
1028|Isoleucine–Lysine Dipeptide|C12H25N3O3|Biochemical
1029|Isoleucine–Arginine Dipeptide|C12H25N5O3|Biochemical
1030|Isoleucine–Histidine Dipeptide|C12H20N4O3|Biochemical
1031|Isoleucine–Phenylalanine Dipeptide|C15H22N2O3|Biochemical
1032|Isoleucine–Tyrosine Dipeptide|C15H22N2O4|Biochemical
1033|Isoleucine–Tryptophan Dipeptide|C17H23N3O3|Biochemical
1034|Isoleucine–Asparagine Dipeptide|C10H19N3O4|Biochemical
1035|Isoleucine–Glutamine Dipeptide|C11H21N3O4|Biochemical
1036|Isoleucine–Proline Dipeptide|C11H20N2O3|Biochemical
1037|Serine–Glycine Dipeptide|C5H10N2O4|Biochemical
1038|Serine–Alanine Dipeptide|C6H12N2O4|Biochemical
1039|Serine–Valine Dipeptide|C8H16N2O4|Biochemical
1040|Serine–Leucine Dipeptide|C9H18N2O4|Biochemical
1041|Serine–Isoleucine Dipeptide|C9H18N2O4|Biochemical
1042|Serine–Serine Dipeptide|C6H12N2O5|Biochemical
1043|Serine–Threonine Dipeptide|C7H14N2O5|Biochemical
1044|Serine–Cysteine Dipeptide|C6H12N2O4S|Biochemical
1045|Serine–Methionine Dipeptide|C8H16N2O4S|Biochemical
1046|Serine–Aspartic Acid Dipeptide|C7H12N2O6|Biochemical
1047|Serine–Glutamic Acid Dipeptide|C8H14N2O6|Biochemical
1048|Serine–Lysine Dipeptide|C9H19N3O4|Biochemical
1049|Serine–Arginine Dipeptide|C9H19N5O4|Biochemical
1050|Serine–Histidine Dipeptide|C9H14N4O4|Biochemical
1051|Serine–Phenylalanine Dipeptide|C12H16N2O4|Biochemical
1052|Serine–Tyrosine Dipeptide|C12H16N2O5|Biochemical
1053|Serine–Tryptophan Dipeptide|C14H17N3O4|Biochemical
1054|Serine–Asparagine Dipeptide|C7H13N3O5|Biochemical
1055|Serine–Glutamine Dipeptide|C8H15N3O5|Biochemical
1056|Serine–Proline Dipeptide|C8H14N2O4|Biochemical
1057|Threonine–Glycine Dipeptide|C6H12N2O4|Biochemical
1058|Threonine–Alanine Dipeptide|C7H14N2O4|Biochemical
1059|Threonine–Valine Dipeptide|C9H18N2O4|Biochemical
1060|Threonine–Leucine Dipeptide|C10H20N2O4|Biochemical
1061|Threonine–Isoleucine Dipeptide|C10H20N2O4|Biochemical
1062|Threonine–Serine Dipeptide|C7H14N2O5|Biochemical
1063|Threonine–Threonine Dipeptide|C8H16N2O5|Biochemical
1064|Threonine–Cysteine Dipeptide|C7H14N2O4S|Biochemical
1065|Threonine–Methionine Dipeptide|C9H18N2O4S|Biochemical
1066|Threonine–Aspartic Acid Dipeptide|C8H14N2O6|Biochemical
1067|Threonine–Glutamic Acid Dipeptide|C9H16N2O6|Biochemical
1068|Threonine–Lysine Dipeptide|C10H21N3O4|Biochemical
1069|Threonine–Arginine Dipeptide|C10H21N5O4|Biochemical
1070|Threonine–Histidine Dipeptide|C10H16N4O4|Biochemical
1071|Threonine–Phenylalanine Dipeptide|C13H18N2O4|Biochemical
1072|Threonine–Tyrosine Dipeptide|C13H18N2O5|Biochemical
1073|Threonine–Tryptophan Dipeptide|C15H19N3O4|Biochemical
1074|Threonine–Asparagine Dipeptide|C8H15N3O5|Biochemical
1075|Threonine–Glutamine Dipeptide|C9H17N3O5|Biochemical
1076|Threonine–Proline Dipeptide|C9H16N2O4|Biochemical
1077|Cysteine–Glycine Dipeptide|C5H10N2O3S|Biochemical
1078|Cysteine–Alanine Dipeptide|C6H12N2O3S|Biochemical
1079|Cysteine–Valine Dipeptide|C8H16N2O3S|Biochemical
1080|Cysteine–Leucine Dipeptide|C9H18N2O3S|Biochemical
1081|Cysteine–Isoleucine Dipeptide|C9H18N2O3S|Biochemical
1082|Cysteine–Serine Dipeptide|C6H12N2O4S|Biochemical
1083|Cysteine–Threonine Dipeptide|C7H14N2O4S|Biochemical
1084|Cysteine–Cysteine Dipeptide|C6H12N2O3S2|Biochemical
1085|Cysteine–Methionine Dipeptide|C8H16N2O3S2|Biochemical
1086|Cysteine–Aspartic Acid Dipeptide|C7H12N2O5S|Biochemical
1087|Cysteine–Glutamic Acid Dipeptide|C8H14N2O5S|Biochemical
1088|Cysteine–Lysine Dipeptide|C9H19N3O3S|Biochemical
1089|Cysteine–Arginine Dipeptide|C9H19N5O3S|Biochemical
1090|Cysteine–Histidine Dipeptide|C9H14N4O3S|Biochemical
1091|Cysteine–Phenylalanine Dipeptide|C12H16N2O3S|Biochemical
1092|Cysteine–Tyrosine Dipeptide|C12H16N2O4S|Biochemical
1093|Cysteine–Tryptophan Dipeptide|C14H17N3O3S|Biochemical
1094|Cysteine–Asparagine Dipeptide|C7H13N3O4S|Biochemical
1095|Cysteine–Glutamine Dipeptide|C8H15N3O4S|Biochemical
1096|Cysteine–Proline Dipeptide|C8H14N2O3S|Biochemical
1097|Methionine–Glycine Dipeptide|C7H14N2O3S|Biochemical
1098|Methionine–Alanine Dipeptide|C8H16N2O3S|Biochemical
1099|Methionine–Valine Dipeptide|C10H20N2O3S|Biochemical
1100|Methionine–Leucine Dipeptide|C11H22N2O3S|Biochemical
1101|Methionine–Isoleucine Dipeptide|C11H22N2O3S|Biochemical
1102|Methionine–Serine Dipeptide|C8H16N2O4S|Biochemical
1103|Methionine–Threonine Dipeptide|C9H18N2O4S|Biochemical
1104|Methionine–Cysteine Dipeptide|C8H16N2O3S2|Biochemical
1105|Methionine–Methionine Dipeptide|C10H20N2O3S2|Biochemical
1106|Methionine–Aspartic Acid Dipeptide|C9H16N2O5S|Biochemical
1107|Methionine–Glutamic Acid Dipeptide|C10H18N2O5S|Biochemical
1108|Methionine–Lysine Dipeptide|C11H23N3O3S|Biochemical
1109|Methionine–Arginine Dipeptide|C11H23N5O3S|Biochemical
1110|Methionine–Histidine Dipeptide|C11H18N4O3S|Biochemical
1111|Methionine–Phenylalanine Dipeptide|C14H20N2O3S|Biochemical
1112|Methionine–Tyrosine Dipeptide|C14H20N2O4S|Biochemical
1113|Methionine–Tryptophan Dipeptide|C16H21N3O3S|Biochemical
1114|Methionine–Asparagine Dipeptide|C9H17N3O4S|Biochemical
1115|Methionine–Glutamine Dipeptide|C10H19N3O4S|Biochemical
1116|Methionine–Proline Dipeptide|C10H18N2O3S|Biochemical
1117|Aspartic Acid–Glycine Dipeptide|C6H10N2O5|Biochemical
1118|Aspartic Acid–Alanine Dipeptide|C7H12N2O5|Biochemical
1119|Aspartic Acid–Valine Dipeptide|C9H16N2O5|Biochemical
1120|Aspartic Acid–Leucine Dipeptide|C10H18N2O5|Biochemical
1121|Aspartic Acid–Isoleucine Dipeptide|C10H18N2O5|Biochemical
1122|Aspartic Acid–Serine Dipeptide|C7H12N2O6|Biochemical
1123|Aspartic Acid–Threonine Dipeptide|C8H14N2O6|Biochemical
1124|Aspartic Acid–Cysteine Dipeptide|C7H12N2O5S|Biochemical
1125|Aspartic Acid–Methionine Dipeptide|C9H16N2O5S|Biochemical
1126|Aspartic Acid–Aspartic Acid Dipeptide|C8H12N2O7|Biochemical
1127|Aspartic Acid–Glutamic Acid Dipeptide|C9H14N2O7|Biochemical
1128|Aspartic Acid–Lysine Dipeptide|C10H19N3O5|Biochemical
1129|Aspartic Acid–Arginine Dipeptide|C10H19N5O5|Biochemical
1130|Aspartic Acid–Histidine Dipeptide|C10H14N4O5|Biochemical
1131|Aspartic Acid–Phenylalanine Dipeptide|C13H16N2O5|Biochemical
1132|Aspartic Acid–Tyrosine Dipeptide|C13H16N2O6|Biochemical
1133|Aspartic Acid–Tryptophan Dipeptide|C15H17N3O5|Biochemical
1134|Aspartic Acid–Asparagine Dipeptide|C8H13N3O6|Biochemical
1135|Aspartic Acid–Glutamine Dipeptide|C9H15N3O6|Biochemical
1136|Aspartic Acid–Proline Dipeptide|C9H14N2O5|Biochemical
1137|Glutamic Acid–Glycine Dipeptide|C7H12N2O5|Biochemical
1138|Glutamic Acid–Alanine Dipeptide|C8H14N2O5|Biochemical
1139|Glutamic Acid–Valine Dipeptide|C10H18N2O5|Biochemical
1140|Glutamic Acid–Leucine Dipeptide|C11H20N2O5|Biochemical
1141|Glutamic Acid–Isoleucine Dipeptide|C11H20N2O5|Biochemical
1142|Glutamic Acid–Serine Dipeptide|C8H14N2O6|Biochemical
1143|Glutamic Acid–Threonine Dipeptide|C9H16N2O6|Biochemical
1144|Glutamic Acid–Cysteine Dipeptide|C8H14N2O5S|Biochemical
1145|Glutamic Acid–Methionine Dipeptide|C10H18N2O5S|Biochemical
1146|Glutamic Acid–Aspartic Acid Dipeptide|C9H14N2O7|Biochemical
1147|Glutamic Acid–Glutamic Acid Dipeptide|C10H16N2O7|Biochemical
1148|Glutamic Acid–Lysine Dipeptide|C11H21N3O5|Biochemical
1149|Glutamic Acid–Arginine Dipeptide|C11H21N5O5|Biochemical
1150|Glutamic Acid–Histidine Dipeptide|C11H16N4O5|Biochemical
1151|Glutamic Acid–Phenylalanine Dipeptide|C14H18N2O5|Biochemical
1152|Glutamic Acid–Tyrosine Dipeptide|C14H18N2O6|Biochemical
1153|Glutamic Acid–Tryptophan Dipeptide|C16H19N3O5|Biochemical
1154|Glutamic Acid–Asparagine Dipeptide|C9H15N3O6|Biochemical
1155|Glutamic Acid–Glutamine Dipeptide|C10H17N3O6|Biochemical
1156|Glutamic Acid–Proline Dipeptide|C10H16N2O5|Biochemical
1157|Lysine–Glycine Dipeptide|C8H17N3O3|Biochemical
1158|Lysine–Alanine Dipeptide|C9H19N3O3|Biochemical
1159|Lysine–Valine Dipeptide|C11H23N3O3|Biochemical
1160|Lysine–Leucine Dipeptide|C12H25N3O3|Biochemical
1161|Lysine–Isoleucine Dipeptide|C12H25N3O3|Biochemical
1162|Lysine–Serine Dipeptide|C9H19N3O4|Biochemical
1163|Lysine–Threonine Dipeptide|C10H21N3O4|Biochemical
1164|Lysine–Cysteine Dipeptide|C9H19N3O3S|Biochemical
1165|Lysine–Methionine Dipeptide|C11H23N3O3S|Biochemical
1166|Lysine–Aspartic Acid Dipeptide|C10H19N3O5|Biochemical
1167|Lysine–Glutamic Acid Dipeptide|C11H21N3O5|Biochemical
1168|Lysine–Lysine Dipeptide|C12H26N4O3|Biochemical
1169|Lysine–Arginine Dipeptide|C12H26N6O3|Biochemical
1170|Lysine–Histidine Dipeptide|C12H21N5O3|Biochemical
1171|Lysine–Phenylalanine Dipeptide|C15H23N3O3|Biochemical
1172|Lysine–Tyrosine Dipeptide|C15H23N3O4|Biochemical
1173|Lysine–Tryptophan Dipeptide|C17H24N4O3|Biochemical
1174|Lysine–Asparagine Dipeptide|C10H20N4O4|Biochemical
1175|Lysine–Glutamine Dipeptide|C11H22N4O4|Biochemical
1176|Lysine–Proline Dipeptide|C11H21N3O3|Biochemical
1177|Arginine–Glycine Dipeptide|C8H17N5O3|Biochemical
1178|Arginine–Alanine Dipeptide|C9H19N5O3|Biochemical
1179|Arginine–Valine Dipeptide|C11H23N5O3|Biochemical
1180|Arginine–Leucine Dipeptide|C12H25N5O3|Biochemical
1181|Arginine–Isoleucine Dipeptide|C12H25N5O3|Biochemical
1182|Arginine–Serine Dipeptide|C9H19N5O4|Biochemical
1183|Arginine–Threonine Dipeptide|C10H21N5O4|Biochemical
1184|Arginine–Cysteine Dipeptide|C9H19N5O3S|Biochemical
1185|Arginine–Methionine Dipeptide|C11H23N5O3S|Biochemical
1186|Arginine–Aspartic Acid Dipeptide|C10H19N5O5|Biochemical
1187|Arginine–Glutamic Acid Dipeptide|C11H21N5O5|Biochemical
1188|Arginine–Lysine Dipeptide|C12H26N6O3|Biochemical
1189|Arginine–Arginine Dipeptide|C12H26N8O3|Biochemical
1190|Arginine–Histidine Dipeptide|C12H21N7O3|Biochemical
1191|Arginine–Phenylalanine Dipeptide|C15H23N5O3|Biochemical
1192|Arginine–Tyrosine Dipeptide|C15H23N5O4|Biochemical
1193|Arginine–Tryptophan Dipeptide|C17H24N6O3|Biochemical
1194|Arginine–Asparagine Dipeptide|C10H20N6O4|Biochemical
1195|Arginine–Glutamine Dipeptide|C11H22N6O4|Biochemical
1196|Arginine–Proline Dipeptide|C11H21N5O3|Biochemical
1197|Histidine–Glycine Dipeptide|C8H12N4O3|Biochemical
1198|Histidine–Alanine Dipeptide|C9H14N4O3|Biochemical
1199|Histidine–Valine Dipeptide|C11H18N4O3|Biochemical
1200|Histidine–Leucine Dipeptide|C12H20N4O3|Biochemical
1201|Histidine–Isoleucine Dipeptide|C12H20N4O3|Biochemical
1202|Histidine–Serine Dipeptide|C9H14N4O4|Biochemical
1203|Histidine–Threonine Dipeptide|C10H16N4O4|Biochemical
1204|Histidine–Cysteine Dipeptide|C9H14N4O3S|Biochemical
1205|Histidine–Methionine Dipeptide|C11H18N4O3S|Biochemical
1206|Histidine–Aspartic Acid Dipeptide|C10H14N4O5|Biochemical
1207|Histidine–Glutamic Acid Dipeptide|C11H16N4O5|Biochemical
1208|Histidine–Lysine Dipeptide|C12H21N5O3|Biochemical
1209|Histidine–Arginine Dipeptide|C12H21N7O3|Biochemical
1210|Histidine–Histidine Dipeptide|C12H16N6O3|Biochemical
1211|Histidine–Phenylalanine Dipeptide|C15H18N4O3|Biochemical
1212|Histidine–Tyrosine Dipeptide|C15H18N4O4|Biochemical
1213|Histidine–Tryptophan Dipeptide|C17H19N5O3|Biochemical
1214|Histidine–Asparagine Dipeptide|C10H15N5O4|Biochemical
1215|Histidine–Glutamine Dipeptide|C11H17N5O4|Biochemical
1216|Histidine–Proline Dipeptide|C11H16N4O3|Biochemical
1217|Phenylalanine–Glycine Dipeptide|C11H14N2O3|Biochemical
1218|Phenylalanine–Alanine Dipeptide|C12H16N2O3|Biochemical
1219|Phenylalanine–Valine Dipeptide|C14H20N2O3|Biochemical
1220|Phenylalanine–Leucine Dipeptide|C15H22N2O3|Biochemical
1221|Phenylalanine–Isoleucine Dipeptide|C15H22N2O3|Biochemical
1222|Phenylalanine–Serine Dipeptide|C12H16N2O4|Biochemical
1223|Phenylalanine–Threonine Dipeptide|C13H18N2O4|Biochemical
1224|Phenylalanine–Cysteine Dipeptide|C12H16N2O3S|Biochemical
1225|Phenylalanine–Methionine Dipeptide|C14H20N2O3S|Biochemical
1226|Phenylalanine–Aspartic Acid Dipeptide|C13H16N2O5|Biochemical
1227|Phenylalanine–Glutamic Acid Dipeptide|C14H18N2O5|Biochemical
1228|Phenylalanine–Lysine Dipeptide|C15H23N3O3|Biochemical
1229|Phenylalanine–Arginine Dipeptide|C15H23N5O3|Biochemical
1230|Phenylalanine–Histidine Dipeptide|C15H18N4O3|Biochemical
1231|Phenylalanine–Phenylalanine Dipeptide|C18H20N2O3|Biochemical
1232|Phenylalanine–Tyrosine Dipeptide|C18H20N2O4|Biochemical
1233|Phenylalanine–Tryptophan Dipeptide|C20H21N3O3|Biochemical
1234|Phenylalanine–Asparagine Dipeptide|C13H17N3O4|Biochemical
1235|Phenylalanine–Glutamine Dipeptide|C14H19N3O4|Biochemical
1236|Phenylalanine–Proline Dipeptide|C14H18N2O3|Biochemical
1237|Tyrosine–Glycine Dipeptide|C11H14N2O4|Biochemical
1238|Tyrosine–Alanine Dipeptide|C12H16N2O4|Biochemical
1239|Tyrosine–Valine Dipeptide|C14H20N2O4|Biochemical
1240|Tyrosine–Leucine Dipeptide|C15H22N2O4|Biochemical
1241|Tyrosine–Isoleucine Dipeptide|C15H22N2O4|Biochemical
1242|Tyrosine–Serine Dipeptide|C12H16N2O5|Biochemical
1243|Tyrosine–Threonine Dipeptide|C13H18N2O5|Biochemical
1244|Tyrosine–Cysteine Dipeptide|C12H16N2O4S|Biochemical
1245|Tyrosine–Methionine Dipeptide|C14H20N2O4S|Biochemical
1246|Tyrosine–Aspartic Acid Dipeptide|C13H16N2O6|Biochemical
1247|Tyrosine–Glutamic Acid Dipeptide|C14H18N2O6|Biochemical
1248|Tyrosine–Lysine Dipeptide|C15H23N3O4|Biochemical
1249|Tyrosine–Arginine Dipeptide|C15H23N5O4|Biochemical
1250|Tyrosine–Histidine Dipeptide|C15H18N4O4|Biochemical
1251|Tyrosine–Phenylalanine Dipeptide|C18H20N2O4|Biochemical
1252|Tyrosine–Tyrosine Dipeptide|C18H20N2O5|Biochemical
1253|Tyrosine–Tryptophan Dipeptide|C20H21N3O4|Biochemical
1254|Tyrosine–Asparagine Dipeptide|C13H17N3O5|Biochemical
1255|Tyrosine–Glutamine Dipeptide|C14H19N3O5|Biochemical
1256|Tyrosine–Proline Dipeptide|C14H18N2O4|Biochemical
1257|Tryptophan–Glycine Dipeptide|C13H15N3O3|Biochemical
1258|Tryptophan–Alanine Dipeptide|C14H17N3O3|Biochemical
1259|Tryptophan–Valine Dipeptide|C16H21N3O3|Biochemical
1260|Tryptophan–Leucine Dipeptide|C17H23N3O3|Biochemical
1261|Tryptophan–Isoleucine Dipeptide|C17H23N3O3|Biochemical
1262|Tryptophan–Serine Dipeptide|C14H17N3O4|Biochemical
1263|Tryptophan–Threonine Dipeptide|C15H19N3O4|Biochemical
1264|Tryptophan–Cysteine Dipeptide|C14H17N3O3S|Biochemical
1265|Tryptophan–Methionine Dipeptide|C16H21N3O3S|Biochemical
1266|Tryptophan–Aspartic Acid Dipeptide|C15H17N3O5|Biochemical
1267|Tryptophan–Glutamic Acid Dipeptide|C16H19N3O5|Biochemical
1268|Tryptophan–Lysine Dipeptide|C17H24N4O3|Biochemical
1269|Tryptophan–Arginine Dipeptide|C17H24N6O3|Biochemical
1270|Tryptophan–Histidine Dipeptide|C17H19N5O3|Biochemical
1271|Tryptophan–Phenylalanine Dipeptide|C20H21N3O3|Biochemical
1272|Tryptophan–Tyrosine Dipeptide|C20H21N3O4|Biochemical
1273|Tryptophan–Tryptophan Dipeptide|C22H22N4O3|Biochemical
1274|Tryptophan–Asparagine Dipeptide|C15H18N4O4|Biochemical
1275|Tryptophan–Glutamine Dipeptide|C16H20N4O4|Biochemical
1276|Tryptophan–Proline Dipeptide|C16H19N3O3|Biochemical
1277|Asparagine–Glycine Dipeptide|C6H11N3O4|Biochemical
1278|Asparagine–Alanine Dipeptide|C7H13N3O4|Biochemical
1279|Asparagine–Valine Dipeptide|C9H17N3O4|Biochemical
1280|Asparagine–Leucine Dipeptide|C10H19N3O4|Biochemical
1281|Asparagine–Isoleucine Dipeptide|C10H19N3O4|Biochemical
1282|Asparagine–Serine Dipeptide|C7H13N3O5|Biochemical
1283|Asparagine–Threonine Dipeptide|C8H15N3O5|Biochemical
1284|Asparagine–Cysteine Dipeptide|C7H13N3O4S|Biochemical
1285|Asparagine–Methionine Dipeptide|C9H17N3O4S|Biochemical
1286|Asparagine–Aspartic Acid Dipeptide|C8H13N3O6|Biochemical
1287|Asparagine–Glutamic Acid Dipeptide|C9H15N3O6|Biochemical
1288|Asparagine–Lysine Dipeptide|C10H20N4O4|Biochemical
1289|Asparagine–Arginine Dipeptide|C10H20N6O4|Biochemical
1290|Asparagine–Histidine Dipeptide|C10H15N5O4|Biochemical
1291|Asparagine–Phenylalanine Dipeptide|C13H17N3O4|Biochemical
1292|Asparagine–Tyrosine Dipeptide|C13H17N3O5|Biochemical
1293|Asparagine–Tryptophan Dipeptide|C15H18N4O4|Biochemical
1294|Asparagine–Asparagine Dipeptide|C8H14N4O5|Biochemical
1295|Asparagine–Glutamine Dipeptide|C9H16N4O5|Biochemical
1296|Asparagine–Proline Dipeptide|C9H15N3O4|Biochemical
1297|Glutamine–Glycine Dipeptide|C7H13N3O4|Biochemical
1298|Glutamine–Alanine Dipeptide|C8H15N3O4|Biochemical
1299|Glutamine–Valine Dipeptide|C10H19N3O4|Biochemical
1300|Glutamine–Leucine Dipeptide|C11H21N3O4|Biochemical
1301|Glutamine–Isoleucine Dipeptide|C11H21N3O4|Biochemical
1302|Glutamine–Serine Dipeptide|C8H15N3O5|Biochemical
1303|Glutamine–Threonine Dipeptide|C9H17N3O5|Biochemical
1304|Glutamine–Cysteine Dipeptide|C8H15N3O4S|Biochemical
1305|Glutamine–Methionine Dipeptide|C10H19N3O4S|Biochemical
1306|Glutamine–Aspartic Acid Dipeptide|C9H15N3O6|Biochemical
1307|Glutamine–Glutamic Acid Dipeptide|C10H17N3O6|Biochemical
1308|Glutamine–Lysine Dipeptide|C11H22N4O4|Biochemical
1309|Glutamine–Arginine Dipeptide|C11H22N6O4|Biochemical
1310|Glutamine–Histidine Dipeptide|C11H17N5O4|Biochemical
1311|Glutamine–Phenylalanine Dipeptide|C14H19N3O4|Biochemical
1312|Glutamine–Tyrosine Dipeptide|C14H19N3O5|Biochemical
1313|Glutamine–Tryptophan Dipeptide|C16H20N4O4|Biochemical
1314|Glutamine–Asparagine Dipeptide|C9H16N4O5|Biochemical
1315|Glutamine–Glutamine Dipeptide|C10H18N4O5|Biochemical
1316|Glutamine–Proline Dipeptide|C10H17N3O4|Biochemical
1317|Proline–Glycine Dipeptide|C7H12N2O3|Biochemical
1318|Proline–Alanine Dipeptide|C8H14N2O3|Biochemical
1319|Proline–Valine Dipeptide|C10H18N2O3|Biochemical
1320|Proline–Leucine Dipeptide|C11H20N2O3|Biochemical
1321|Proline–Isoleucine Dipeptide|C11H20N2O3|Biochemical
1322|Proline–Serine Dipeptide|C8H14N2O4|Biochemical
1323|Proline–Threonine Dipeptide|C9H16N2O4|Biochemical
1324|Proline–Cysteine Dipeptide|C8H14N2O3S|Biochemical
1325|Proline–Methionine Dipeptide|C10H18N2O3S|Biochemical
1326|Proline–Aspartic Acid Dipeptide|C9H14N2O5|Biochemical
1327|Proline–Glutamic Acid Dipeptide|C10H16N2O5|Biochemical
1328|Proline–Lysine Dipeptide|C11H21N3O3|Biochemical
1329|Proline–Arginine Dipeptide|C11H21N5O3|Biochemical
1330|Proline–Histidine Dipeptide|C11H16N4O3|Biochemical
1331|Proline–Phenylalanine Dipeptide|C14H18N2O3|Biochemical
1332|Proline–Tyrosine Dipeptide|C14H18N2O4|Biochemical
1333|Proline–Tryptophan Dipeptide|C16H19N3O3|Biochemical
1334|Proline–Asparagine Dipeptide|C9H15N3O4|Biochemical
1335|Proline–Glutamine Dipeptide|C10H17N3O4|Biochemical
1336|Proline–Proline Dipeptide|C10H16N2O3|Biochemical
